INSERT INTO public.reader(reader_ticket_number, r_surname, r_name, r_patronymic, adress, phone_number) VALUES 
(0001, 'Щербакова', 'Доминика', 'Юрьевна', '366815, г. Дульдурга, ул. Макаровец огородничество тер, дом 127, квартира 789', '+7 (960) 760-92-00'),
(0002, 'Леонова', 'Сильва', 'Тимофеевна', '164565, г. Пестово, ул. Галковского, дом 16, квартира 331', '+7 (924) 762-20-40'),
(0003, 'Войтова', 'Кристина', 'Закировна', '422392, г. Нарышкино, ул. Комсомольский пер, дом 24, квартира 9', '+7 (910) 229-81-77'),
(0004, 'Добровольский', 'Кира', 'Аркадьевна', '629720, г. Сальск, ул. Курьяновская 2-я, дом 95, квартира 735', '+7 (995) 776-63-27'),
(0005, 'Ковалевский', 'Зиновий', 'Геннадиевич', '658003, г. Павловка, ул. Плещеева, дом 166, квартира 277', '+7 (950) 617-17-21'),
(0006, 'Ларин', 'Валерьян', 'Русланович', '429713, г. Рязань, ул. Внутренний проезд, дом 185, квартира 277', '+7 (922) 291-03-27'),
(0007, 'Сомова', 'Владлена', 'Алексеевна', '453852, г. Учкекен, ул. Коннолахтинский пр-кт, дом 49, квартира 121', '+7 (987) 334-91-77'),
(0008, 'Покровский', 'Лев', 'Егорович', '652475, г. Радужный, ул. Талалихина (Таганский), дом 14, квартира 815', '+7 (943) 454-87-29'),
(0009, 'Стручкова', 'Алевтина', 'Сергеевна', '303472, г. Пушкино, ул. Ткачей, дом 156, квартира 853', '+7 (984) 588-21-63'),
(0010, 'Фролов', 'Фадей', 'Григорьевич', '397021, г. Магас, ул. Лефортовская наб, дом 200, квартира 606', '+7 (986) 146-51-97'),
(0011, 'Карпова', 'Лилиана', 'Васильевна', '347160, г. Ельцовка, ул. Ушаковского, дом 126, квартира 623', '+7 (920) 099-43-29');


INSERT INTO public.publisher(publisher_id, title, city) VALUES
(0001, 'Перо', 'Краснодар'),
(0002, 'Махаон', 'Москва'),
(0003, 'Эксмо', 'Москва'),
(0004, 'Аст', 'Москва'),
(0005, 'Росмэн', 'Москва'),
(0006, 'Лимбус Пресс', 'Санкт-Питербург');


INSERT INTO public.author(author_id, a_surname, a_name, a_patronymic, publisher_id) VALUES
(0001, 'Глуховский', 'Дмитрий', 'Алексеевич', 0002),
(0002, 'Булгаков', 'Михаил', 'Афанасьевич', 0005),
(0003, 'Фет', 'Афанасий', 'Афанасьевич', 0004),
(0004, 'Бунин', 'Иван', 'Алексеевич', 0003),
(0005, 'Мьевиль', 'Чайна', '', 0001),
(0006, 'Оруэлл', 'Джордж', '', 0001),
(0007, 'Уайльд', 'Оскор', '', 0005),
(0008, 'Ремарк', 'Эрих Мария', '', 0005),
(0009, 'Уэльбек', 'Мишель', '', 0004),
(0010, 'Мартин', 'Лорен', '', 0001),
(0011, 'Степанова', 'Саша', '', 0006),
(0012, 'Кинг', 'Стивен', '', 0005),
(0013, 'Сапковский', 'Анджей', '', 0003),
(0014, 'Аставьев', 'Виктор', '', 0005),
(0015, 'Толстой', 'Лев', 'Николаевич', 0004),
(0016, 'Пушкин', 'Александ', 'Сергеевич', 0001),
(0017, 'Виммер', 'Йоханнес', '', 0006),
(0018, 'Клейсон', 'Джордж', '', 0002);


INSERT INTO public.authors_book(authors_id, author_id) VALUES
(0001, 0018),
(0002, 0007),
(0003, 0012),
(0004, 0005),
(0005, 0011),
(0006, 0014),
(0007, 0001),
(0008, 0008),
(0009, 0009),
(0010, 0006),
(0011, 0013),
(0012, 0003),
(0013, 0017),
(0014, 0016),
(0015, 0004),
(0016, 0002),
(0017, 0015),
(0018, 0010),
(0019, 0013), (0019, 0003), (0019, 0002),
(0020, 0012), (0020, 0001),
(0021, 0016), (0021, 0011), (0021, 0006),
(0022, 0008), (0022, 0007),
(0023, 0009), (0023, 0004);


INSERT INTO public.employee(employee_id, e_surname, e_name, e_patronymic, job_position, adress, phone_number) VALUES
(001, 'Серебрянникова', 'Рогнеда', 'Матвеевна', 'Главный библиотекарь', '392540, г. Волгодонск, ул. Пушкинская пл, дом 38, квартира 114', '+7 (969) 541-19-27'),
(002, 'Дидиченко', 'Ахмет', 'Богданович', 'Библиотекарь', '652239, г. Липецк, ул. Танкистов 4-й пер, дом 46, квартира 368', '+7 (969) 324-59-67'),
(003, 'Соколов', 'Ираклий', 'Алексеевич', 'Работник архива', '669321, г. Чарышское, ул. Войкова туп, дом 185, квартира 654', '+7 (952) 097-89-10'),
(004, 'Аверина', 'Лилия', 'Андреевна', 'Уборщица', '433514, г. Сладково, ул. Ольховская 5-я, дом 194, квартира 372', '+7 (985) 872-68-72'),
(005, 'Арджеванидзе', 'Ева', 'Аркадьевна', 'Библиотекарь отдела потерь', '396748, г. Абан, ул. Лучевой 3-й просек, дом 175, квартира 118', '+7 (909) 250-27-33');


INSERT INTO public.book(book_id, name, publisher, author, date_instances, volume_page, cost, quantity) VALUES
(0001, 'Мастер и Маргарита', 0005, 0016, '1967-01-01', 470, 200, 100)
/*(0002, '', 000, 000, '2002-12-04', 200, 200, 100),
(0003, '', 000, 000, '2002-12-04', 200, 200, 100),
(0004, '', 000, 000, '2002-12-04', 200, 200, 100),
(0005, '', 000, 000, '2002-12-04', 200, 200, 100),
(0006, '', 000, 000, '2002-12-04', 200, 200, 100)*/;